date,stock_id,ticker,open,high,low,close,volume,ma_5,ma_20,rsi_14,volatility_20d,trend,daily_return
2024-04-02,TLKM.JK,TLKM,3022.6894153496596,3057.63380165428,2979.0089324688843,3048.897705078125,233017700,,,,,neutral,
2024-04-03,TLKM.JK,TLKM,3013.953407689145,3048.8977950246713,2987.7451171875,2987.7451171875,150265700,,,,,neutral,-0.020057
2024-04-04,TLKM.JK,TLKM,2979.008982252038,3022.6894658627716,2979.008982252038,3013.953369140625,205184000,,,,,neutral,0.008772
2024-04-05,TLKM.JK,TLKM,3005.217297968294,3013.9533947647137,2987.7451043754554,2996.481201171875,116051700,,,,,neutral,-0.005797
2024-04-16,TLKM.JK,TLKM,2847.9675808545226,2865.4397746020963,2751.870515242867,2813.023193359375,490658200,2972.02,,,,neutral,-0.061224
2024-04-17,TLKM.JK,TLKM,2813.0232192993167,2830.495413208008,2795.551025390625,2795.551025390625,187876400,2921.35,,,,neutral,-0.006211
2024-04-18,TLKM.JK,TLKM,2786.814864783654,2891.6480258413458,2716.926090745192,2839.2314453125,337490100,2891.65,,,,neutral,0.015625
2024-04-19,TLKM.JK,TLKM,2821.759132409474,2821.759132409474,2734.398168557788,2751.870361328125,149997000,2839.23,,,,neutral,-0.030769
2024-04-22,TLKM.JK,TLKM,2751.8705792833202,2795.5510646687694,2734.39838512914,2769.3427734375,140971800,2793.8,,,,neutral,0.006349
2024-04-23,TLKM.JK,TLKM,2778.078714087702,2786.814810672883,2690.717748235887,2708.18994140625,312052300,2772.84,,,,neutral,-0.022082
2024-04-24,TLKM.JK,TLKM,2708.1900185032896,2716.9261153371713,2655.7734375,2655.7734375,327330800,2744.88,,,,neutral,-0.019355
2024-04-25,TLKM.JK,TLKM,2629.5651469983554,2673.2456311677633,2612.092953330592,2655.7734375,369525200,2708.19,,,,neutral,0.0
2024-04-26,TLKM.JK,TLKM,2603.356629022277,2673.2453975866338,2585.8844368811883,2647.037109375,442527900,2687.22,,,,neutral,-0.00329
2024-04-29,TLKM.JK,TLKM,2647.0372901024757,2699.453870104505,2629.565096768466,2690.7177734375,172773600,2671.5,,24.42,,neutral,0.016502
2024-04-30,TLKM.JK,TLKM,2725.6622880520504,2795.5510646687694,2716.9261909749603,2769.3427734375,273121800,2683.73,,38.13,,neutral,0.029221
2024-05-02,TLKM.JK,TLKM,2769.342591897035,2795.5508814102564,2725.662109375,2725.662109375,157637100,2697.71,,34.4,,neutral,-0.015773
2024-05-03,TLKM.JK,TLKM,2778.078638004351,2778.078638004351,2725.662059928797,2760.6064453125,127945300,2718.67,,39.5,,neutral,0.01282
2024-05-06,TLKM.JK,TLKM,2778.078525230533,2795.5507172131147,2655.7731813524592,2664.50927734375,221330900,2722.17,,32.11,,neutral,-0.03481
2024-05-07,TLKM.JK,TLKM,2681.9816641699535,2716.9260506737965,2673.245567543993,2699.453857421875,124914600,2723.91,,36.74,,neutral,0.013115
2024-05-08,TLKM.JK,TLKM,2734.3982567725243,2751.870450106534,2664.5094834364854,2690.7177734375,120622600,2708.19,2784.19,36.08,,bearish,-0.003236
2024-05-13,TLKM.JK,TLKM,2681.9816641699535,2708.1899540478357,2655.7733742920714,2699.453857421875,133048300,2702.95,2766.72,37.3,0.3439,bearish,0.003247
2024-05-14,TLKM.JK,TLKM,2708.189916366186,2725.662109375,2690.717723357372,2725.662109375,104126800,2695.96,2753.62,40.94,0.344,bearish,0.009709
2024-05-15,TLKM.JK,TLKM,2725.662134576613,2734.3982311617947,2681.9816516507058,2708.18994140625,149143600,2704.7,2738.33,39.3,0.3404,bearish,-0.00641
2024-05-16,TLKM.JK,TLKM,2743.882806011213,2827.311675112905,2743.882806011213,2790.232177734375,196239200,2722.85,2728.02,49.52,0.3625,bearish,0.030294
2024-05-17,TLKM.JK,TLKM,2827.3118769923185,2827.3118769923185,2762.422751946593,2771.692626953125,120345300,2739.05,2725.95,47.57,0.2869,bullish,-0.006644
2024-05-20,TLKM.JK,TLKM,2734.6131269269963,2780.9625019596574,2734.6131269269963,2771.692626953125,215877500,2753.49,2724.76,47.57,0.2861,bullish,0.0
2024-05-21,TLKM.JK,TLKM,2771.6925359176375,2771.6925359176375,2706.803413003178,2734.613037109375,138864400,2755.28,2719.53,43.59,0.2832,bullish,-0.013378
2024-05-22,TLKM.JK,TLKM,2762.422761878189,2762.422761878189,2697.533636599171,2725.34326171875,145109200,2758.71,2718.2,42.63,0.2613,bullish,-0.00339
2024-05-27,TLKM.JK,TLKM,2688.2635867298713,2706.8033356038704,2577.0250934858764,2604.834716796875,246979600,2721.64,2709.97,32.59,0.3041,bullish,-0.044218
2024-05-28,TLKM.JK,TLKM,2604.8347099677667,2669.7238308566434,2604.8347099677667,2651.18408203125,113093300,2697.53,2707.12,38.58,0.3036,bearish,0.017794
2024-05-29,TLKM.JK,TLKM,2641.914214544873,2651.1840889818727,2604.834716796875,2604.834716796875,148952900,2664.16,2704.58,35.21,0.3021,bearish,-0.017483
2024-05-30,TLKM.JK,TLKM,2604.834716796875,2660.4539634188723,2521.405846863879,2604.834716796875,253471800,2638.21,2702.03,35.21,0.3021,bearish,0.0
2024-05-31,TLKM.JK,TLKM,2632.6444234913793,2706.8034213362066,2604.8347992995687,2688.263671875,411324600,2630.79,2704.09,45.2,0.3231,bearish,0.032029
2024-06-03,TLKM.JK,TLKM,2716.0732421875,2753.15274037436,2688.263618547355,2716.0732421875,124570400,2653.04,2705.36,48.08,0.3199,bearish,0.010345
2024-06-04,TLKM.JK,TLKM,2762.422652994792,2836.5816503906253,2725.343154296875,2780.96240234375,130203100,2678.99,2705.94,54.13,0.3143,bearish,0.023891
2024-06-05,TLKM.JK,TLKM,2780.962297028186,2855.1212916156046,2780.962297028186,2836.58154296875,141157300,2725.34,2711.49,58.58,0.3156,bullish,0.02
2024-06-06,TLKM.JK,TLKM,2873.6611408171107,2873.6611408171107,2808.772018282531,2827.311767578125,107996900,2769.84,2714.82,57.58,0.3135,bullish,-0.003268
2024-06-07,TLKM.JK,TLKM,2827.311767578125,2864.391266169314,2827.311767578125,2827.311767578125,67191100,2797.65,2722.96,57.58,0.2822,bullish,0.0
2024-06-10,TLKM.JK,TLKM,2827.311675112905,2827.311675112905,2762.4225547004776,2790.232177734375,66983900,2812.48,2727.5,53.34,0.2852,bullish,-0.013115
2024-06-11,TLKM.JK,TLKM,2743.8828735351562,2762.422622680664,2669.723876953125,2669.723876953125,172688100,2790.23,2726.45,42.41,0.3282,bullish,-0.043189
2024-06-12,TLKM.JK,TLKM,2678.993842138003,2753.1528412283283,2678.993842138003,2706.803466796875,91584500,2764.28,2726.82,46.07,0.3319,bullish,0.013889
2024-06-13,TLKM.JK,TLKM,2725.343282350352,2725.343282350352,2623.374656139965,2632.64453125,95740000,2725.34,2722.17,40.53,0.344,bullish,-0.027397
2024-06-14,TLKM.JK,TLKM,2614.1047560747934,2623.374631096335,2502.8662558162914,2521.406005859375,202750500,2664.16,2712.83,33.93,0.3741,bearish,-0.042254
2024-06-19,TLKM.JK,TLKM,2577.0251387201856,2641.914260918176,2558.48538952076,2623.37451171875,128843500,2630.79,2704.49,43.08,0.3871,bearish,0.040441
2024-06-20,TLKM.JK,TLKM,2641.914406360035,2641.914406360035,2595.5650308098593,2632.64453125,55434800,2623.37,2697.53,43.84,0.3875,bearish,0.003534
2024-06-21,TLKM.JK,TLKM,2641.914290088718,2743.882911811441,2632.6444153866523,2734.613037109375,184918000,2628.94,2695.68,51.52,0.4135,bearish,0.038732
2024-06-24,TLKM.JK,TLKM,2716.0732877052437,2762.422661215572,2697.5335383011125,2734.613037109375,111618800,2649.33,2695.68,51.52,0.4107,bearish,0.0
2024-06-25,TLKM.JK,TLKM,2734.6131269269963,2771.692626953125,2716.073376913932,2771.692626953125,89913400,2699.39,2698.0,54.17,0.4132,bullish,0.013559
2024-06-26,TLKM.JK,TLKM,2771.692527669271,2799.5021516927086,2762.422652994792,2780.96240234375,73994000,2730.91,2706.8,54.83,0.3756,bullish,0.003344
2024-06-27,TLKM.JK,TLKM,2808.77197265625,2808.77197265625,2771.6924746673885,2808.77197265625,70154600,2766.13,2714.68,56.85,0.3727,bullish,0.01
2024-06-28,TLKM.JK,TLKM,2808.7719586162143,2910.740577575879,2808.7719586162143,2901.470703125,213539300,2799.5,2729.51,62.81,0.3785,bullish,0.033003
2024-07-01,TLKM.JK,TLKM,2901.470857194326,2901.470857194326,2855.121482478762,2864.391357421875,134082800,2825.46,2742.49,59.28,0.3837,bullish,-0.01278
2024-07-02,TLKM.JK,TLKM,2845.851617110403,2864.391367059005,2808.772117213199,2818.0419921875,79024200,2834.73,2748.98,55.11,0.3769,bullish,-0.016181
2024-07-03,TLKM.JK,TLKM,2818.0418471534654,2827.3117216506807,2799.5020981590346,2808.77197265625,51977100,2840.29,2753.62,54.29,0.3762,bullish,-0.00329
2024-07-04,TLKM.JK,TLKM,2780.9623099662163,2827.3116817989862,2743.8828125,2743.8828125,93100500,2827.31,2751.76,48.8,0.3768,bullish,-0.023102
2024-07-05,TLKM.JK,TLKM,2753.1528231387106,2799.502197265625,2743.8829483133277,2799.502197265625,69339200,2806.92,2749.91,53.17,0.377,bullish,0.02027
2024-07-08,TLKM.JK,TLKM,2818.0418399959417,2864.391212364296,2780.962342101258,2855.121337890625,125004600,2805.06,2751.3,57.11,0.3836,bullish,0.019868
2024-07-09,TLKM.JK,TLKM,2827.3117144696125,2892.2008357853083,2818.0418399959417,2855.121337890625,118245600,2812.48,2752.69,57.11,0.3836,bullish,0.0
2024-07-10,TLKM.JK,TLKM,2864.391392188736,2947.820267689379,2864.391392188736,2929.280517578125,120007400,2836.58,2759.64,62.05,0.39,bullish,0.025974
2024-07-11,TLKM.JK,TLKM,2966.3598172169814,2966.3598172169814,2929.280319501769,2947.820068359375,126490000,2877.37,2773.55,63.2,0.349,bullish,0.006329
2024-07-12,TLKM.JK,TLKM,2994.1695329180416,3031.249031777708,2975.6297834882084,2984.899658203125,135830300,2914.45,2787.45,65.43,0.3486,bullish,0.012579
2024-07-15,TLKM.JK,TLKM,2984.899767911887,2984.899767911887,2901.470892411244,2929.280517578125,100918500,2929.28,2802.28,59.58,0.3388,bullish,-0.018634
2024-07-16,TLKM.JK,TLKM,2947.8201297883065,2947.8201297883065,2864.3912581905242,2873.6611328125,78769700,2932.99,2819.9,54.34,0.3019,bullish,-0.018987
2024-07-17,TLKM.JK,TLKM,2957.089981219952,3031.2489776141824,2929.2803575721155,3012.709228515625,167149300,2949.67,2839.36,63.08,0.3139,bullish,0.048387
2024-07-18,TLKM.JK,TLKM,3021.9792579341897,3040.519007982866,2957.090132763824,2975.6298828125,98903500,2955.24,2856.51,59.79,0.3212,bullish,-0.012308
2024-07-19,TLKM.JK,TLKM,2966.3599721337578,2975.629847046676,2892.200972830414,2910.74072265625,138117200,2940.4,2865.32,54.45,0.3128,bullish,-0.021807
2024-07-22,TLKM.JK,TLKM,2947.8201297883065,2975.629753654234,2864.3912581905242,2873.6611328125,139383000,2929.28,2872.27,51.61,0.3178,bullish,-0.012739
2024-07-23,TLKM.JK,TLKM,2910.740767466871,2929.280517578125,2873.6612672443634,2929.280517578125,74338000,2940.4,2880.15,55.37,0.321,bullish,0.019355
2024-07-24,TLKM.JK,TLKM,2910.7405375561684,2920.0104118795957,2818.0417943218954,2836.58154296875,98752100,2905.18,2882.93,48.59,0.3441,bullish,-0.031646
2024-07-25,TLKM.JK,TLKM,2855.121482478762,2864.391357421875,2808.7721077631977,2864.391357421875,67060000,2882.93,2885.71,50.55,0.344,bearish,0.009804
2024-07-26,TLKM.JK,TLKM,2882.9310074344758,2882.9310074344758,2836.581634324597,2873.6611328125,94900300,2875.52,2884.32,51.21,0.3235,bearish,0.003236
2024-07-29,TLKM.JK,TLKM,2864.391266169314,2892.200890112705,2818.0418929303282,2827.311767578125,90885600,2866.25,2882.47,47.75,0.3255,bearish,-0.016129
2024-07-30,TLKM.JK,TLKM,2780.962371826172,2780.962371826172,2669.723876953125,2669.723876953125,321472800,2814.33,2875.05,38.27,0.3798,bearish,-0.055738
2024-07-31,TLKM.JK,TLKM,2669.723876953125,2706.8033752441406,2632.6443786621094,2669.723876953125,207440800,2780.96,2868.1,38.27,0.3799,bearish,0.0
2024-08-01,TLKM.JK,TLKM,2678.993751525879,2716.0732498168945,2669.723876953125,2669.723876953125,121021800,2742.03,2864.39,38.27,0.3718,bearish,0.0
2024-08-02,TLKM.JK,TLKM,2669.7239309210527,2669.7239309210527,2614.1046823601973,2641.914306640625,105816800,2695.68,2856.51,36.67,0.3642,bearish,-0.010417
2024-08-05,TLKM.JK,TLKM,2614.10454469086,2623.3744189628137,2558.48529905914,2586.294921875,105246400,2647.48,2843.07,33.63,0.3595,bearish,-0.021053
2024-08-06,TLKM.JK,TLKM,2595.5647961469535,2632.6442932347672,2586.294921875,2586.294921875,98524200,2630.79,2829.63,33.63,0.3595,bearish,0.0
2024-08-07,TLKM.JK,TLKM,2595.5649864250886,2632.6444862311614,2586.29511147357,2614.104736328125,77263000,2619.67,2813.87,36.67,0.3463,bearish,0.010753
2024-08-08,TLKM.JK,TLKM,2595.564932839912,2669.7239309210527,2595.564932839912,2641.914306640625,99533000,2614.1,2798.58,39.65,0.3486,bearish,0.010638
2024-08-09,TLKM.JK,TLKM,2651.1841355178885,2669.7238847173144,2623.37451171875,2623.37451171875,80800300,2610.4,2780.5,38.36,0.3421,bearish,-0.007018
2024-08-12,TLKM.JK,TLKM,2641.9143517258276,2697.5336012358453,2632.644476807491,2660.4541015625,62746600,2625.23,2767.06,42.41,0.3462,bearish,0.014134
2024-08-13,TLKM.JK,TLKM,2688.263680441338,2688.263680441338,2632.6444318804824,2641.914306640625,82063600,2636.35,2755.47,40.96,0.3422,bearish,-0.006969
2024-08-14,TLKM.JK,TLKM,2641.914207618553,2678.99370526934,2641.914207618553,2651.18408203125,70188800,2643.77,2737.39,42.02,0.2855,bearish,0.003509
2024-08-15,TLKM.JK,TLKM,2660.4541015625,2669.7239764808364,2614.104726970819,2660.4541015625,79724100,2647.48,2721.64,43.13,0.2866,bearish,0.003497
2024-08-16,TLKM.JK,TLKM,2697.5334406672296,2771.692435599662,2688.263566300676,2743.8828125,207060000,2671.58,2713.29,52.01,0.3071,bearish,0.031359
2024-08-19,TLKM.JK,TLKM,2743.8828658276448,2753.15274037436,2697.53349309407,2716.0732421875,68692700,2682.7,2705.41,49.25,0.3062,bearish,-0.010135
2024-08-20,TLKM.JK,TLKM,2771.692481943425,2780.9623564649746,2743.882858378775,2762.422607421875,100434600,2706.8,2697.07,53.66,0.3041,bullish,0.017065
2024-08-21,TLKM.JK,TLKM,2762.422706886574,2790.232331452546,2743.882957175926,2753.15283203125,111842200,2727.2,2692.9,52.68,0.2839,bullish,-0.003356
2024-08-22,TLKM.JK,TLKM,2725.343216569456,2753.1528412283283,2706.803466796875,2706.803466796875,90336300,2736.47,2685.02,47.93,0.2857,bullish,-0.016835
2024-08-23,TLKM.JK,TLKM,2753.1527865135063,2790.2322853217693,2734.613037109375,2734.613037109375,86092500,2734.61,2678.07,50.79,0.2888,bullish,0.010274
2024-08-26,TLKM.JK,TLKM,2725.3431093356753,2771.692481943425,2716.0732348141255,2762.422607421875,88941900,2743.88,2674.82,53.55,0.2872,bullish,0.010169
2024-08-27,TLKM.JK,TLKM,2771.692626953125,2780.9625019596574,2734.6131269269963,2771.692626953125,71223800,2745.74,2679.92,54.46,0.1961,bullish,0.003356
2024-08-28,TLKM.JK,TLKM,2780.9623564649746,2780.9623564649746,2743.882858378775,2762.422607421875,68736300,2747.59,2684.56,53.33,0.1969,bullish,-0.003345
2024-08-29,TLKM.JK,TLKM,2762.422600170173,2855.121345142327,2762.422600170173,2808.77197265625,160714800,2767.98,2691.51,58.02,0.2037,bullish,0.016779
2024-08-30,TLKM.JK,TLKM,2808.771919998468,2845.8514172921773,2790.2321713516135,2836.58154296875,195809000,2788.38,2701.24,60.58,0.1992,bullish,0.009901
2024-09-02,TLKM.JK,TLKM,2864.39134809166,2920.010597569168,2855.1214731787422,2910.74072265625,118928500,2818.04,2717.46,66.46,0.1913,bullish,0.026144
2024-09-03,TLKM.JK,TLKM,2910.7405847326504,2920.0104592063212,2855.121337890625,2855.121337890625,82172000,2834.73,2730.91,59.32,0.2105,bullish,-0.019108
2024-09-04,TLKM.JK,TLKM,2836.5815889432834,2873.6610868379666,2818.0418399959417,2855.121337890625,81041700,2853.27,2742.96,59.32,0.2101,bullish,0.0
2024-09-05,TLKM.JK,TLKM,2855.1214462179223,2864.391321043305,2799.502197265625,2799.502197265625,78989400,2851.41,2750.84,52.74,0.2252,bullish,-0.01948
2024-09-06,TLKM.JK,TLKM,2790.232367264597,2827.311867161801,2790.232367264597,2818.0419921875,82391200,2847.71,2760.57,54.55,0.2224,bullish,0.006623
2024-09-09,TLKM.JK,TLKM,2827.3117216506807,2855.121345142327,2780.962349164604,2808.77197265625,69264400,2827.31,2767.98,53.45,0.2201,bullish,-0.00329
2024-09-10,TLKM.JK,TLKM,2836.581596147896,2836.581596147896,2799.5020981590346,2808.77197265625,46436100,2818.04,2776.33,53.45,0.2174,bullish,0.0
2024-09-11,TLKM.JK,TLKM,2808.772117213199,2827.311867161801,2799.502242238898,2818.0419921875,62899600,2810.63,2784.67,54.52,0.2174,bullish,0.0033
2024-09-12,TLKM.JK,TLKM,2836.581642225922,2845.8515168737194,2827.311767578125,2827.311767578125,85785000,2816.19,2793.01,55.61,0.2174,bullish,0.003289
2024-09-13,TLKM.JK,TLKM,2855.121285294413,2892.200782506029,2845.851410991509,2882.930908203125,125032200,2829.17,2799.97,61.58,0.2012,bullish,0.019672
2024-09-17,TLKM.JK,TLKM,2892.2009822512136,2901.470857194326,2855.121482478762,2864.391357421875,56181000,2840.29,2807.38,58.74,0.1985,bullish,-0.006431
2024-09-18,TLKM.JK,TLKM,2892.200927734375,2901.4708025027544,2873.661178197616,2892.200927734375,87120700,2856.98,2813.87,61.6,0.1932,bullish,0.009709
2024-09-19,TLKM.JK,TLKM,2910.74072265625,2920.010597569168,2892.200972830414,2910.74072265625,130418300,2875.52,2821.75,63.42,0.1925,bullish,0.00641
2024-09-20,TLKM.JK,TLKM,2920.010498046875,2938.5502472408234,2892.2008742559524,2920.010498046875,152477400,2894.05,2832.41,64.33,0.1778,bullish,0.003185
2024-09-23,TLKM.JK,TLKM,2920.010543486297,2947.8201677099764,2901.4707940038447,2938.55029296875,82274400,2905.18,2842.61,66.14,0.1764,bullish,0.006349
2024-09-24,TLKM.JK,TLKM,2947.820267689379,2947.820267689379,2920.010642522498,2929.280517578125,92256900,2918.16,2850.95,64.38,0.1762,bullish,-0.003155
2024-09-25,TLKM.JK,TLKM,2873.661213937598,2957.090087890625,2836.5817144029193,2957.090087890625,215241700,2931.13,2860.22,67.2,0.1777,bullish,0.009494
2024-09-26,TLKM.JK,TLKM,2938.55029296875,2947.8201677099764,2892.2009192626183,2938.55029296875,120042500,2936.7,2869.03,63.58,0.1795,bullish,-0.00627
2024-09-27,TLKM.JK,TLKM,2901.4707647605023,2910.7406394082996,2790.2322689869366,2827.311767578125,291217300,2918.16,2869.95,47.17,0.2254,bullish,-0.037855
2024-09-30,TLKM.JK,TLKM,2808.7721269792537,2808.7721269792537,2771.692626953125,2771.692626953125,150844800,2884.79,2866.71,41.42,0.2333,bullish,-0.019672
2024-10-01,TLKM.JK,TLKM,2771.6925727894763,2818.0419469163908,2771.6925727894763,2799.502197265625,77208500,2858.83,2861.15,45.03,0.2151,bearish,0.010033
2024-10-02,TLKM.JK,TLKM,2734.613091455747,2762.422716114619,2706.803466796875,2706.803466796875,124629400,2808.77,2853.73,36.87,0.2355,bearish,-0.033113
2024-10-03,TLKM.JK,TLKM,2734.6131469304173,2734.6131469304173,2678.993896484375,2678.993896484375,92510900,2756.86,2844.92,34.83,0.2368,bearish,-0.010274
2024-10-04,TLKM.JK,TLKM,2688.263626098633,2716.0732498168945,2651.184127807617,2669.723876953125,76757200,2725.34,2838.44,34.15,0.2287,bearish,-0.00346
2024-10-07,TLKM.JK,TLKM,2697.5335466056035,2697.5335466056035,2660.4540476831894,2688.263671875,84507100,2708.66,2831.95,36.8,0.2289,bearish,0.006944
2024-10-08,TLKM.JK,TLKM,2678.9938768878033,2771.692626953125,2660.454126874739,2771.692626953125,135357200,2703.1,2830.09,47.12,0.2569,bearish,0.031035
2024-10-09,TLKM.JK,TLKM,2762.422561233108,2790.2321843327704,2743.8828125,2743.8828125,69435900,2710.51,2826.85,44.51,0.259,bearish,-0.010034
2024-10-10,TLKM.JK,TLKM,2743.882911811441,2762.422661215572,2725.343162407309,2734.613037109375,57867000,2721.64,2822.68,43.64,0.2586,bearish,-0.003378
2024-10-11,TLKM.JK,TLKM,2780.962511957908,2780.962511957908,2706.8035116390306,2725.34326171875,40454300,2732.76,2817.58,42.75,0.258,bearish,-0.00339
2024-10-14,TLKM.JK,TLKM,2716.07329606681,2753.152794989224,2688.263671875,2688.263671875,66631500,2732.76,2807.85,39.27,0.2484,bearish,-0.013605
2024-10-15,TLKM.JK,TLKM,2706.8035116390306,2753.1528868383293,2697.533636599171,2725.34326171875,74529600,2723.49,2800.89,44.16,0.2554,bearish,0.013793
2024-10-16,TLKM.JK,TLKM,2753.152778320313,2780.96240234375,2716.073279622396,2780.96240234375,163988000,2730.91,2795.33,50.59,0.2646,bearish,0.020408
2024-10-17,TLKM.JK,TLKM,2780.962492290296,2836.581742136102,2762.422742341694,2818.0419921875,107040100,2747.59,2790.7,54.36,0.2686,bearish,0.013333
2024-10-18,TLKM.JK,TLKM,2827.311759702621,2901.4707566784273,2818.041885080645,2873.6611328125,138783600,2777.25,2788.38,59.37,0.2785,bearish,0.019737
2024-10-21,TLKM.JK,TLKM,2873.6611328125,2901.4707566784273,2836.581634324597,2873.6611328125,92240300,2814.33,2785.13,59.37,0.2773,bullish,0.0
2024-10-22,TLKM.JK,TLKM,2836.581549457537,2845.85142380217,2790.232177734375,2790.232177734375,93662500,2827.31,2778.18,49.85,0.295,bullish,-0.029032
2024-10-23,TLKM.JK,TLKM,2725.34326171875,2762.422761878189,2716.0733866788905,2725.34326171875,99423700,2816.19,2766.59,43.95,0.3006,bullish,-0.023256
2024-10-24,TLKM.JK,TLKM,2725.3431707974137,2743.8829202586207,2688.263671875,2688.263671875,72559000,2790.23,2754.08,40.96,0.3024,bullish,-0.013605
2024-10-25,TLKM.JK,TLKM,2688.2635728763958,2734.6129448225406,2688.2635728763958,2697.533447265625,50694200,2755.01,2747.59,42.02,0.2751,bullish,0.003448
2024-10-28,TLKM.JK,TLKM,2706.803466796875,2725.343216569456,2688.263717024294,2706.803466796875,38720700,2721.64,2744.35,43.12,0.2677,bearish,0.003436
2024-10-29,TLKM.JK,TLKM,2697.5335466056035,2716.07329606681,2669.723922413793,2688.263671875,67727500,2701.24,2738.78,41.43,0.2651,bearish,-0.006849
2024-10-30,TLKM.JK,TLKM,2669.723922413793,2688.263671875,2641.914298221983,2688.263671875,123573100,2693.83,2737.86,41.43,0.2373,bearish,0.0
2024-10-31,TLKM.JK,TLKM,2651.1842361341974,2660.454111085716,2614.104736328125,2614.104736328125,139590300,2678.99,2734.61,35.05,0.2547,bearish,-0.027586
2024-11-01,TLKM.JK,TLKM,2614.1046449949417,2632.6443942502247,2558.4853972290916,2577.025146484375,99364500,2654.89,2729.98,32.36,0.2589,bearish,-0.014184
2024-11-04,TLKM.JK,TLKM,2577.025191824777,2604.8348161969866,2549.215567452567,2595.56494140625,63112300,2632.64,2725.34,35.04,0.259,bearish,0.007194
2024-11-05,TLKM.JK,TLKM,2595.5649960514443,2604.834871037342,2530.675871150158,2567.75537109375,96721100,2608.54,2715.15,32.94,0.2306,bearish,-0.010714
2024-11-06,TLKM.JK,TLKM,2577.0250538178607,2595.564802406478,2539.945556640625,2539.945556640625,66808900,2578.88,2704.95,30.93,0.2309,bearish,-0.01083
2024-11-07,TLKM.JK,TLKM,2558.4853515625,2586.294974949049,2539.945602638134,2558.4853515625,79485800,2567.76,2696.14,33.82,0.2342,bearish,0.007299
2024-11-08,TLKM.JK,TLKM,2558.485450994318,2577.0252006392043,2549.215576171875,2549.215576171875,66113200,2562.19,2687.34,33.08,0.2342,bearish,-0.003623
2024-11-11,TLKM.JK,TLKM,2521.4058143587363,2530.6756886762314,2456.5166941362686,2493.59619140625,108153500,2541.8,2677.6,28.95,0.2409,bearish,-0.021818
2024-11-12,TLKM.JK,TLKM,2465.7867300180287,2475.0566049429085,2410.16748046875,2410.16748046875,215910600,2510.28,2661.84,24.1,0.2543,bearish,-0.033457
2024-11-13,TLKM.JK,TLKM,2419.43730979742,2437.9770592977834,2382.3578107966932,2391.627685546875,142812600,2480.62,2642.38,23.17,0.2344,bearish,-0.007692
2024-11-14,TLKM.JK,TLKM,2363.8180698801875,2400.897569015563,2345.2783203125,2345.2783203125,185269500,2437.98,2618.74,20.99,0.2246,bearish,-0.01938
2024-11-15,TLKM.JK,TLKM,2317.468598132997,2391.627593273253,2317.468598132997,2354.548095703125,103680400,2399.04,2592.78,22.56,0.204,bearish,0.003953
2024-11-18,TLKM.JK,TLKM,2354.5480891047296,2419.437209670608,2336.0083403716217,2400.8974609375,119481300,2380.5,2569.15,30.04,0.227,bearish,0.019685
2024-11-19,TLKM.JK,TLKM,2419.437277814467,2641.9142688778666,2400.8975285591837,2577.025146484375,275670300,2413.88,2558.49,49.86,0.3518,bearish,0.073359
2024-11-20,TLKM.JK,TLKM,2539.9456641353777,2549.2155388220035,2447.246917269123,2484.326416015625,150242900,2432.42,2546.43,42.96,0.3643,bearish,-0.035971
2024-11-21,TLKM.JK,TLKM,2484.326496220668,2604.834871037342,2484.326496220668,2567.75537109375,128294600,2476.91,2540.41,49.71,0.386,bearish,0.033582
2024-11-22,TLKM.JK,TLKM,2549.215576171875,2586.2950754616477,2521.4059517045453,2549.215576171875,135265300,2515.84,2532.99,48.34,0.3857,bearish,-0.00722
2024-11-25,TLKM.JK,TLKM,2539.945556640625,2577.0250538178607,2521.4058080520076,2539.945556640625,358617100,2543.65,2524.65,47.63,0.385,bullish,-0.003636
2024-11-26,TLKM.JK,TLKM,2567.755233257899,2595.564856722786,2484.326362863238,2512.135986328125,106721000,2530.68,2515.84,45.49,0.3858,bullish,-0.010949
2024-11-28,TLKM.JK,TLKM,2484.326505773208,2549.2156309240004,2484.326505773208,2521.406005859375,102808400,2538.09,2507.5,46.35,0.3865,bullish,0.00369
2024-11-29,TLKM.JK,TLKM,2502.8661118398295,2558.4853587696034,2502.8661118398295,2512.135986328125,103162000,2526.97,2502.4,45.57,0.3753,bullish,-0.003677
2024-12-02,TLKM.JK,TLKM,2521.405914762127,2530.6757894487523,2484.326416015625,2484.326416015625,66025900,2513.99,2497.77,43.22,0.3741,bullish,-0.01107
2024-12-03,TLKM.JK,TLKM,2558.485486619016,2623.374611279643,2512.136111861425,2614.104736328125,167603900,2528.82,2498.69,54.92,0.4177,bullish,0.052239
2024-12-04,TLKM.JK,TLKM,2614.1047810299297,2641.914406360035,2595.5650308098593,2632.64453125,83412800,2552.92,2501.94,56.3,0.4162,bullish,0.007092
2024-12-05,TLKM.JK,TLKM,2632.6444959950363,2632.6444959950363,2530.675871150158,2567.75537109375,96025400,2562.19,2503.33,50.46,0.4246,bullish,-0.024648
2024-12-06,TLKM.JK,TLKM,2539.945602638134,2577.025100486866,2539.945602638134,2558.4853515625,48179800,2571.46,2503.33,49.67,0.424,bullish,-0.00361
2024-12-09,TLKM.JK,TLKM,2558.485305229243,2567.7551795235518,2530.675682346316,2539.945556640625,63671900,2582.59,2502.87,48.04,0.4247,bullish,-0.007246
2024-12-10,TLKM.JK,TLKM,2567.75537109375,2623.374621009138,2549.215621121954,2567.75537109375,124138200,2573.32,2506.57,50.65,0.4182,bullish,0.010949
2024-12-11,TLKM.JK,TLKM,2567.75521231698,2669.7238308566434,2567.75521231698,2651.18408203125,140611400,2577.03,2518.62,57.54,0.4094,bullish,0.032491
2024-12-12,TLKM.JK,TLKM,2623.374611279643,2641.9143611826794,2577.025236522052,2614.104736328125,66977700,2586.3,2529.75,53.94,0.4126,bullish,-0.013986
2024-12-13,TLKM.JK,TLKM,2567.7551733310934,2586.294921875,2549.2154247871863,2586.294921875,77540100,2591.86,2541.8,51.34,0.4069,bullish,-0.010638
2024-12-16,TLKM.JK,TLKM,2558.4853662476503,2558.4853662476503,2456.5167465783597,2465.78662109375,147655600,2577.03,2547.36,41.92,0.4478,bullish,-0.046595
2024-12-17,TLKM.JK,TLKM,2437.9771504875357,2456.516900681357,2410.1675251968036,2428.707275390625,113785500,2549.22,2548.75,39.52,0.447,bullish,-0.015038
2024-12-18,TLKM.JK,TLKM,2428.707285840224,2465.786786387403,2382.35791015625,2382.35791015625,79565300,2495.45,2539.02,36.68,0.3665,bearish,-0.019084
2024-12-19,TLKM.JK,TLKM,2326.738570744812,2373.0879446640315,2317.4686959609685,2345.2783203125,123504200,2441.69,2532.07,34.55,0.3488,bearish,-0.015564
2024-12-20,TLKM.JK,TLKM,2345.278365310968,2382.357865157782,2336.008490349265,2363.818115234375,110308800,2397.19,2521.87,36.54,0.3251,bearish,0.007905
2024-12-23,TLKM.JK,TLKM,2391.627721477005,2475.0565954820167,2391.627721477005,2456.516845703125,72113700,2395.34,2517.23,45.45,0.3581,bearish,0.039216
2024-12-24,TLKM.JK,TLKM,2484.326310874772,2549.215430934934,2428.707065108919,2539.945556640625,117582400,2417.58,2517.23,51.99,0.3791,bearish,0.033962
2024-12-27,TLKM.JK,TLKM,2567.7553258167613,2595.5649502840906,2512.1360768821023,2549.215576171875,92727600,2450.95,2519.09,52.67,0.3771,bearish,0.00365
2024-12-30,TLKM.JK,TLKM,2521.4058608164205,2558.4853587696034,2502.8661118398295,2512.135986328125,74279200,2484.33,2518.62,49.64,0.3808,bearish,-0.014545
2025-01-02,TLKM.JK,TLKM,2512.136085792824,2539.945710358796,2484.3264612268517,2502.8662109375,38776700,2512.14,2518.16,48.89,0.3808,bearish,-0.00369
2025-01-03,TLKM.JK,TLKM,2539.9457013494316,2567.7553258167613,2530.6758265269887,2549.215576171875,49907500,2530.68,2521.41,52.76,0.3839,bullish,0.018519
2025-01-06,TLKM.JK,TLKM,2558.4853116287177,2567.755185946213,2465.786568453764,2493.59619140625,54087800,2521.41,2515.38,48.06,0.3441,bullish,-0.021818
2025-01-07,TLKM.JK,TLKM,2475.0566615241974,2484.326536660992,2382.35791015625,2382.35791015625,109758000,2488.03,2502.87,40.32,0.3745,bearish,-0.04461
2025-01-08,TLKM.JK,TLKM,2400.8975963664507,2502.866220150354,2400.8975963664507,2456.516845703125,100688500,2476.91,2497.3,46.5,0.387,bearish,0.031128
2025-01-09,TLKM.JK,TLKM,2493.5964010690004,2502.866276165911,2428.707275390625,2428.707275390625,55206700,2462.08,2490.82,44.63,0.3883,bearish,-0.011321
2025-01-10,TLKM.JK,TLKM,2447.246917269123,2493.5962907022504,2437.9770425824977,2484.326416015625,54496800,2449.1,2488.03,49.04,0.3979,bearish,0.022901
2025-01-13,TLKM.JK,TLKM,2475.056640625,2539.9457660346443,2456.5168905079586,2475.056640625,90816500,2445.39,2483.4,48.35,0.3955,bearish,-0.003731
2025-01-14,TLKM.JK,TLKM,2475.056650875179,2493.5964010690004,2419.4374002937143,2428.707275390625,53116800,2454.66,2472.28,44.94,0.3787,bearish,-0.018727
2025-01-15,TLKM.JK,TLKM,2447.2469254990497,2475.0565496524478,2428.707176063451,2437.97705078125,52867900,2450.95,2463.47,45.77,0.3779,bearish,0.003817
2025-01-16,TLKM.JK,TLKM,2465.7865815033783,2465.7865815033783,2400.8974609375,2400.8974609375,118890200,2445.39,2454.2,42.99,0.3794,bearish,-0.015209
2025-01-17,TLKM.JK,TLKM,2437.9769975475797,2484.32637012453,2419.4372485167996,2465.78662109375,107245400,2441.69,2454.2,48.83,0.3562,bearish,0.027027
2025-01-20,TLKM.JK,TLKM,2475.05650312051,2493.596252207555,2419.437255859375,2419.437255859375,49752300,2430.56,2453.74,45.27,0.3586,bearish,-0.018797
2025-01-21,TLKM.JK,TLKM,2437.97705078125,2465.7866749346485,2410.167426627852,2437.97705078125,86549000,2432.42,2456.52,46.94,0.3523,bearish,0.007663
2025-01-22,TLKM.JK,TLKM,2484.326407967033,2549.215530563187,2456.516783997253,2530.67578125,128617700,2450.95,2465.79,54.42,0.3685,bearish,0.038023
2025-01-23,TLKM.JK,TLKM,2530.6757353047165,2549.2154842813075,2512.135986328125,2512.135986328125,63216100,2473.2,2473.2,52.82,0.3703,neutral,-0.007326
2025-01-24,TLKM.JK,TLKM,2539.945562993727,2549.215437311222,2493.59619140625,2493.59619140625,49844700,2478.76,2475.06,51.19,0.3471,bullish,-0.00738
2025-01-30,TLKM.JK,TLKM,2493.596197879676,2512.135946562796,2419.4372031471944,2447.246826171875,89736900,2484.33,2470.42,47.27,0.3311,bullish,-0.018587
2025-01-31,TLKM.JK,TLKM,2465.78662109375,2512.1359936707004,2465.78662109375,2465.78662109375,83736900,2489.89,2466.25,48.96,0.3322,bullish,0.007576
2025-02-03,TLKM.JK,TLKM,2428.707176063451,2437.97705078125,2373.087927756654,2437.97705078125,91801900,2471.35,2462.54,46.56,0.3307,bullish,-0.011278
2025-02-04,TLKM.JK,TLKM,2447.246826171875,2465.7865748549953,2400.897454464074,2447.246826171875,95311100,2458.37,2459.76,47.48,0.3311,bearish,0.003802
2025-02-05,TLKM.JK,TLKM,2410.1675251968036,2447.2470255844464,2400.8976500998924,2428.707275390625,110400300,2445.39,2453.74,45.78,0.3236,bearish,-0.007576
2025-02-06,TLKM.JK,TLKM,2437.9770126342773,2437.9770126342773,2336.0083923339844,2373.087890625,90471900,2430.56,2447.71,41.02,0.3245,bearish,-0.022901
2025-02-07,TLKM.JK,TLKM,2363.8179634712837,2400.8974609375,2326.7384660050675,2400.8974609375,105020200,2417.58,2448.64,44.14,0.2847,bearish,0.011719
2025-02-10,TLKM.JK,TLKM,2336.00836081583,2363.817984158876,2261.849365234375,2261.849365234375,153328500,2382.36,2438.9,34.34,0.3337,bearish,-0.057915
2025-02-11,TLKM.JK,TLKM,2252.579457250135,2271.1192058694774,2132.0710912244076,2150.61083984375,254907800,2323.03,2425.0,28.83,0.3716,bearish,-0.04918
2025-02-12,TLKM.JK,TLKM,2187.690457251764,2298.928955078125,2178.4205824329006,2298.928955078125,173407600,2297.07,2415.73,42.16,0.4428,bearish,0.068966
2025-02-13,TLKM.JK,TLKM,2196.9601990250517,2243.3095703125,2141.3409534801135,2243.3095703125,219425500,2271.12,2404.14,39.2,0.4488,bearish,-0.024194
2025-02-14,TLKM.JK,TLKM,2280.389196825593,2345.2783203125,2261.849447257905,2345.2783203125,156474300,2260.0,2399.97,46.61,0.478,bearish,0.045455
2025-02-17,TLKM.JK,TLKM,2382.357846587559,2456.516845703125,2345.278347029776,2456.516845703125,113998200,2298.93,2400.9,53.3,0.5075,bearish,0.047431
2025-02-18,TLKM.JK,TLKM,2465.7866666423743,2512.1360400755016,2437.9770425824977,2484.326416015625,115881200,2365.67,2405.07,54.83,0.5054,bearish,0.011321
2025-02-19,TLKM.JK,TLKM,2484.3265156835205,2493.596390742041,2410.1675152153557,2475.056640625,119388200,2400.9,2405.53,54.19,0.4969,bearish,-0.003731
2025-02-20,TLKM.JK,TLKM,2456.5168905079586,2484.3265156835205,2428.707265332397,2475.056640625,90411700,2447.25,2408.31,54.19,0.4917,bullish,0.0
2025-02-21,TLKM.JK,TLKM,2475.0565954820167,2484.326470371462,2437.9770959242337,2456.516845703125,75110600,2469.49,2409.24,52.77,0.492,bullish,-0.007491
2025-02-24,TLKM.JK,TLKM,2437.9771052433894,2447.246980168269,2382.3578556941106,2410.16748046875,42327600,2460.22,2403.22,49.3,0.4763,bullish,-0.018868
2025-02-25,TLKM.JK,TLKM,2373.087906504065,2391.6276557736282,2280.38916015625,2280.38916015625,111687700,2419.44,2391.63,41.14,0.512,bullish,-0.053846
2025-02-26,TLKM.JK,TLKM,2317.468552362351,2336.00830078125,2280.3890555245534,2336.00830078125,65752000,2391.63,2383.75,45.32,0.522,bullish,0.02439
2025-02-27,TLKM.JK,TLKM,2336.0083537274095,2373.087851405622,2252.5794839514306,2308.19873046875,88741400,2358.26,2376.8,43.65,0.5199,bearish,-0.011905
2025-02-28,TLKM.JK,TLKM,2289.659155792886,2289.659155792886,2178.420654296875,2178.420654296875,249795300,2302.64,2362.43,36.83,0.5532,bearish,-0.056225
2025-03-03,TLKM.JK,TLKM,2224.77001953125,2243.3097696940104,2196.9603942871095,2224.77001953125,178833400,2265.56,2351.77,40.41,0.5611,bearish,0.021277
2025-03-04,TLKM.JK,TLKM,2224.7699743960084,2261.849473969275,2178.420599929425,2206.230224609375,131347800,2250.73,2339.72,39.45,0.5604,bearish,-0.008333
2025-03-05,TLKM.JK,TLKM,2243.309759646046,2289.6591348453444,2234.039884606186,2271.119384765625,167407400,2237.75,2331.84,44.44,0.5732,bearish,0.029412
2025-03-06,TLKM.JK,TLKM,2308.198895263672,2326.7386454264324,2224.77001953125,2224.77001953125,131136100,2221.06,2324.42,41.79,0.5721,bearish,-0.020408
2025-03-07,TLKM.JK,TLKM,2252.5795442573262,2289.6590429282287,2178.4205469155213,2234.039794921875,182407000,2232.19,2316.08,42.53,0.5701,bearish,0.004167
2025-03-10,TLKM.JK,TLKM,2252.5794979079496,2252.5794979079496,2196.960251046025,2215.5,88949400,2230.33,2313.76,41.4,0.5309,bearish,-0.008299
2025-03-11,TLKM.JK,TLKM,2206.230079361155,2215.499953644185,2178.420456512065,2196.960205078125,102235600,2228.48,2316.08,40.25,0.4991,bearish,-0.008368
2025-03-12,TLKM.JK,TLKM,2234.039884606186,2308.198884925064,2224.7700095663267,2271.119384765625,98938700,2228.48,2314.69,46.64,0.4527,bearish,0.033755
2025-03-13,TLKM.JK,TLKM,2289.659089265046,2308.1988389756943,2243.309714988426,2252.57958984375,66706500,2234.04,2315.15,45.33,0.4449,bearish,-0.008163
2025-03-14,TLKM.JK,TLKM,2271.119193084969,2298.928815857438,2234.0396960550106,2243.3095703125,107627100,2235.89,2310.05,44.66,0.4131,bearish,-0.004115
2025-03-17,TLKM.JK,TLKM,2243.3095703125,2271.119193084969,2234.0396960550106,2243.3095703125,58129400,2241.46,2299.39,44.66,0.3715,bearish,0.0
2025-03-18,TLKM.JK,TLKM,2271.119193084969,2289.6589415999483,2132.071079222624,2243.3095703125,139758600,2250.73,2287.34,44.66,0.3673,bearish,0.0
2025-03-19,TLKM.JK,TLKM,2243.309714988426,2261.849464699074,2206.2302155671296,2252.57958984375,96825800,2247.02,2276.22,45.67,0.3687,bearish,0.004132
2025-03-20,TLKM.JK,TLKM,2261.8493723849374,2261.8493723849374,2178.4205020920504,2215.5,94823100,2239.6,2263.24,42.35,0.3706,bearish,-0.016461
2025-03-21,TLKM.JK,TLKM,2196.960312880479,2206.2301876183715,2132.071189715233,2141.341064453125,204534000,2219.21,2247.48,36.61,0.3842,bearish,-0.033473
2025-03-24,TLKM.JK,TLKM,2150.6109844420603,2187.6904841738196,2076.4519849785406,2159.880859375,105865000,2202.52,2234.97,38.84,0.3851,bearish,0.008658
2025-03-25,TLKM.JK,TLKM,2169.150634765625,2187.690383780716,2132.0711367354434,2169.150634765625,107964200,2187.69,2229.4,39.98,0.338,bearish,0.004292
2025-03-26,TLKM.JK,TLKM,2187.6903696529203,2280.389114129739,2178.4204952052382,2261.849365234375,215856700,2189.54,2225.7,49.99,0.3616,bearish,0.042735
2025-03-27,TLKM.JK,TLKM,2252.5795442573262,2252.5795442573262,2215.5000455864238,2234.039794921875,120411200,2193.25,2221.99,47.44,0.3617,bearish,-0.012295
2025-04-08,TLKM.JK,TLKM,1900.3242805847433,2132.0711440706878,1900.3242805847433,2122.80126953125,409973200,2189.54,2219.21,38.87,0.3483,bearish,-0.049793
2025-04-09,TLKM.JK,TLKM,2261.849331559806,2261.849331559806,2132.0710912244076,2150.61083984375,120363300,2187.69,2215.5,41.7,0.3426,bearish,0.0131
2025-04-10,TLKM.JK,TLKM,2271.119405543551,2289.659155792886,2150.6110289228723,2178.420654296875,139327100,2189.54,2214.11,44.48,0.3454,bearish,0.012931
2025-04-11,TLKM.JK,TLKM,2150.6109844420603,2178.42060924088,2132.0712345761804,2159.880859375,60214100,2169.15,2208.55,43.01,0.3279,bearish,-0.008511
2025-04-14,TLKM.JK,TLKM,2150.610966435185,2252.57958984375,2141.341091579861,2252.57958984375,116968600,2172.86,2209.94,51.61,0.3562,bearish,0.042918
2025-04-15,TLKM.JK,TLKM,2280.389259805485,2289.6591348453444,2243.309759646046,2271.119384765625,99064500,2202.52,2211.79,53.13,0.357,bearish,0.00823
2025-04-16,TLKM.JK,TLKM,2308.1988298969886,2326.7385795347154,2271.1193306215346,2298.928955078125,121853000,2232.19,2215.96,55.4,0.3575,bullish,0.012245
2025-04-17,TLKM.JK,TLKM,2317.468740425858,2465.786739813113,2308.1988654641546,2363.818115234375,195577900,2269.27,2224.31,60.24,0.3667,bullish,0.028226
2025-04-21,TLKM.JK,TLKM,2410.1675355666343,2419.437410703429,2326.7386593354818,2382.35791015625,84209300,2313.76,2229.87,61.52,0.3503,bullish,0.007843
2025-04-22,TLKM.JK,TLKM,2382.357865157782,2382.357865157782,2336.008490349265,2363.818115234375,44958000,2336.01,2235.43,59.45,0.3501,bullish,-0.007782
2025-04-23,TLKM.JK,TLKM,2391.627677192253,2447.2469254990497,2382.3578024744534,2437.97705078125,128704200,2369.38,2245.16,64.58,0.3633,bullish,0.031373
2025-04-24,TLKM.JK,TLKM,2437.97705078125,2456.516800216849,2410.167426627852,2437.97705078125,75733400,2397.19,2254.9,64.58,0.3633,bullish,0.0
2025-04-25,TLKM.JK,TLKM,2437.9771052433894,2456.516855093149,2382.3578556941106,2410.16748046875,93439600,2406.46,2263.24,61.21,0.3673,bullish,-0.011407
2025-04-28,TLKM.JK,TLKM,2410.1673889160156,2419.4372634887695,2373.087890625,2373.087890625,51086400,2404.61,2269.27,56.95,0.3735,bullish,-0.015385
2025-04-29,TLKM.JK,TLKM,2382.3577122043916,2410.167335304054,2373.087837837838,2400.8974609375,56546100,2412.02,2278.54,59.24,0.3676,bullish,0.011719
2025-04-30,TLKM.JK,TLKM,2410.1673288056345,2447.246826171875,2410.1673288056345,2447.246826171875,96333300,2413.88,2293.83,62.8,0.3422,bullish,0.019305
2025-05-02,TLKM.JK,TLKM,2447.246917269123,2521.405914762127,2428.7071678958723,2484.326416015625,132357600,2423.15,2310.05,65.4,0.3434,bullish,0.015152
2025-05-05,TLKM.JK,TLKM,2512.136085792824,2512.136085792824,2475.056586371528,2502.8662109375,85592500,2441.68,2326.74,66.66,0.3433,bullish,0.007463
2025-05-06,TLKM.JK,TLKM,2521.405914762127,2530.6757894487523,2484.326416015625,2484.326416015625,76948300,2463.93,2337.86,64.15,0.3211,bullish,-0.007407
2025-05-07,TLKM.JK,TLKM,2484.3265259720897,2493.5964010690004,2428.707275390625,2428.707275390625,100293700,2469.49,2347.6,57.2,0.3302,bullish,-0.022388
2025-05-08,TLKM.JK,TLKM,2437.9771609770187,2447.2470361138135,2382.35791015625,2382.35791015625,122965300,2456.52,2360.57,52.13,0.2742,bullish,-0.019084
2025-05-09,TLKM.JK,TLKM,2382.3578556941106,2437.9771052433894,2382.3578556941106,2410.16748046875,59433500,2441.69,2373.55,54.73,0.2737,bullish,0.011673
2025-05-14,TLKM.JK,TLKM,2345.278214738176,2428.707084037162,2345.278214738176,2400.8974609375,132760900,2421.29,2384.68,53.68,0.2744,bullish,-0.003846
2025-05-15,TLKM.JK,TLKM,2391.6276249706298,2493.59624463992,2391.6276249706298,2465.78662109375,120039700,2417.58,2399.97,59.5,0.28,bullish,0.027027
2025-05-16,TLKM.JK,TLKM,2512.1359337576987,2549.215430934934,2484.326310874772,2539.945556640625,101569600,2439.83,2414.34,64.93,0.2621,bullish,0.030075
2025-05-19,TLKM.JK,TLKM,2558.485486619016,2651.1842361341974,2539.9457367159794,2614.104736328125,164194700,2486.18,2431.49,69.35,0.2743,bullish,0.029197
2025-05-20,TLKM.JK,TLKM,2623.374425289405,2632.6442995837137,2539.945556640625,2539.945556640625,129805200,2512.14,2443.54,61.06,0.3013,bullish,-0.028369
2025-05-21,TLKM.JK,TLKM,2512.1360768821023,2577.0252006392043,2493.596327237216,2549.215576171875,120242100,2541.8,2452.81,61.68,0.2889,bullish,0.00365
2025-05-22,TLKM.JK,TLKM,2549.215567452567,2641.914315359933,2549.215567452567,2595.56494140625,131277300,2567.76,2463.47,64.69,0.2931,bullish,0.018182
2025-05-23,TLKM.JK,TLKM,2512.1359400412407,2521.4058143587363,2493.59619140625,2493.59619140625,141199500,2558.49,2469.96,54.53,0.3307,bullish,-0.039286
2025-05-26,TLKM.JK,TLKM,2521.4059430803572,2614.104690987723,2502.866193498884,2595.56494140625,186806300,2554.78,2477.84,61.11,0.3425,bullish,0.040892
2025-05-27,TLKM.JK,TLKM,2632.6443863184627,2669.7238847173144,2586.2950133198983,2623.37451171875,279180500,2571.46,2487.11,62.69,0.3433,bullish,0.010714
2025-05-28,TLKM.JK,TLKM,2651.1842361341974,2660.454111085716,2595.5649864250886,2614.104736328125,531309500,2584.44,2497.3,61.79,0.3398,bullish,-0.003534
2025-06-02,TLKM.JK,TLKM,2577.025146484375,2614.1046449949417,2549.21552260145,2577.025146484375,211393400,2580.73,2507.5,58.18,0.3389,bullish,-0.014184
2025-06-03,TLKM.JK,TLKM,2577.025191824777,2623.37456577846,2530.675817871094,2595.56494140625,142896600,2601.13,2517.23,59.45,0.3379,bullish,0.007194
2025-06-04,TLKM.JK,TLKM,2604.8348613766066,2651.1842361341974,2604.8348613766066,2614.104736328125,125006700,2604.83,2525.58,60.74,0.3334,bullish,0.007143
2025-06-05,TLKM.JK,TLKM,2641.914406360035,2641.914406360035,2614.1047810299297,2632.64453125,95008500,2606.69,2532.99,62.04,0.3309,bullish,0.007092
2025-06-10,TLKM.JK,TLKM,2706.803321654854,2706.803321654854,2669.723824097938,2697.533447265625,213564000,2623.37,2542.73,66.26,0.3393,bullish,0.024648
2025-06-11,TLKM.JK,TLKM,2750.0,2810.0,2730.0,2800.0,200609800,2667.97,2558.51,71.62,0.3564,bullish,0.037985
2025-06-12,TLKM.JK,TLKM,2830.0,2830.0,2750.0,2780.0,97099100,2704.86,2576.07,69.3,0.344,bullish,-0.007143
2025-06-13,TLKM.JK,TLKM,2770.0,2770.0,2720.0,2740.0,81111300,2730.04,2593.96,64.79,0.3396,bullish,-0.014388
2025-06-16,TLKM.JK,TLKM,2740.0,2770.0,2730.0,2740.0,46641000,2751.51,2610.45,64.79,0.34,bullish,0.0
2025-06-17,TLKM.JK,TLKM,2800.0,2800.0,2760.0,2760.0,59643500,2764.0,2628.4,66.07,0.3378,bullish,0.007299
2025-06-18,TLKM.JK,TLKM,2770.0,2800.0,2760.0,2770.0,70757600,2758.0,2643.61,66.73,0.3298,bullish,0.003623
2025-06-19,TLKM.JK,TLKM,2740.0,2780.0,2630.0,2690.0,98911200,2740.0,2651.12,57.26,0.3396,bullish,-0.028881
2025-06-20,TLKM.JK,TLKM,2700.0,2710.0,2640.0,2640.0,243027500,2720.0,2652.41,52.26,0.3333,bullish,-0.018587
2025-06-23,TLKM.JK,TLKM,2610.0,2610.0,2560.0,2580.0,73554200,2688.0,2654.41,46.97,0.3272,bullish,-0.022727
2025-06-24,TLKM.JK,TLKM,2600.0,2670.0,2580.0,2590.0,107300200,2654.0,2656.45,47.92,0.3272,bearish,0.003876
2025-06-25,TLKM.JK,TLKM,2650.0,2650.0,2560.0,2620.0,79958900,2624.0,2657.68,50.76,0.3234,bearish,0.011583
2025-06-26,TLKM.JK,TLKM,2620.0,2710.0,2590.0,2710.0,132868200,2628.0,2668.5,58.13,0.3064,bearish,0.034351
2025-06-30,TLKM.JK,TLKM,2780.0,2790.0,2730.0,2780.0,124299500,2656.0,2677.72,62.8,0.2876,bearish,0.02583
2025-07-01,TLKM.JK,TLKM,2800.0,2810.0,2760.0,2810.0,73006700,2702.0,2687.05,64.62,0.2876,bullish,0.010791
2025-07-02,TLKM.JK,TLKM,2820.0,2820.0,2730.0,2780.0,92321600,2740.0,2695.34,61.39,0.291,bullish,-0.010676
2025-07-03,TLKM.JK,TLKM,2780.0,2810.0,2690.0,2710.0,69094400,2758.0,2701.99,54.53,0.3024,bullish,-0.02518
2025-07-04,TLKM.JK,TLKM,2710.0,2720.0,2620.0,2630.0,53587300,2742.0,2703.71,47.94,0.3229,bullish,-0.02952
2025-07-07,TLKM.JK,TLKM,2630.0,2700.0,2610.0,2700.0,33446600,2726.0,2708.01,53.26,0.3349,bullish,0.026616
2025-07-08,TLKM.JK,TLKM,2680.0,2700.0,2640.0,2650.0,45926000,2694.0,2708.88,49.38,0.3417,bearish,-0.018519
2025-07-09,TLKM.JK,TLKM,2650.0,2680.0,2640.0,2670.0,44897100,2672.0,2707.5,50.92,0.3311,bearish,0.007547
2025-07-10,TLKM.JK,TLKM,2690.0,2710.0,2650.0,2690.0,41108700,2668.0,2702.0,52.48,0.3015,bearish,0.007491
2025-07-11,TLKM.JK,TLKM,2710.0,2730.0,2690.0,2730.0,47851300,2688.0,2699.5,55.52,0.3066,bearish,0.01487
2025-07-14,TLKM.JK,TLKM,2700.0,2710.0,2640.0,2690.0,60458400,2686.0,2697.0,51.94,0.3067,bearish,-0.014652
2025-07-15,TLKM.JK,TLKM,2690.0,2690.0,2640.0,2640.0,35309100,2684.0,2692.0,47.79,0.3131,bearish,-0.018587
2025-07-16,TLKM.JK,TLKM,2660.0,2680.0,2650.0,2650.0,43385900,2680.0,2686.5,48.67,0.312,bearish,0.003788
2025-07-17,TLKM.JK,TLKM,2700.0,2770.0,2660.0,2770.0,102642100,2696.0,2686.5,57.88,0.3526,bullish,0.045283
2025-07-18,TLKM.JK,TLKM,2800.0,2800.0,2750.0,2770.0,83762800,2704.0,2690.5,57.88,0.3352,bullish,0.0
2025-07-21,TLKM.JK,TLKM,2800.0,2800.0,2750.0,2800.0,52553200,2726.0,2698.5,59.96,0.3278,bullish,0.01083
2025-07-22,TLKM.JK,TLKM,2800.0,2850.0,2800.0,2850.0,108243300,2768.0,2712.0,63.23,0.3168,bullish,0.017857
2025-07-23,TLKM.JK,TLKM,2870.0,2870.0,2840.0,2850.0,86077600,2808.0,2725.0,63.23,0.3173,bullish,0.0
2025-07-24,TLKM.JK,TLKM,2860.0,2870.0,2800.0,2840.0,74224200,2822.0,2736.0,62.05,0.3175,bullish,-0.003509
2025-07-25,TLKM.JK,TLKM,2810.0,2830.0,2780.0,2820.0,41296200,2832.0,2741.5,59.67,0.2994,bullish,-0.007042
2025-07-28,TLKM.JK,TLKM,2870.0,2870.0,2830.0,2860.0,40193800,2844.0,2745.5,62.75,0.2901,bullish,0.014184
2025-07-29,TLKM.JK,TLKM,2870.0,2880.0,2840.0,2880.0,46357400,2850.0,2749.0,64.22,0.2888,bullish,0.006993
2025-07-30,TLKM.JK,TLKM,2890.0,2890.0,2850.0,2880.0,99062400,2856.0,2754.0,64.22,0.2854,bullish,0.0
2025-07-31,TLKM.JK,TLKM,2890.0,2930.0,2860.0,2880.0,201065700,2864.0,2762.5,64.22,0.2668,bullish,0.0
2025-08-01,TLKM.JK,TLKM,2960.0,2990.0,2910.0,2980.0,130977000,2896.0,2780.0,71.31,0.2585,bullish,0.034722
2025-08-04,TLKM.JK,TLKM,3000.0,3030.0,2990.0,3030.0,96385300,2930.0,2796.5,74.07,0.2508,bullish,0.016779
2025-08-05,TLKM.JK,TLKM,3050.0,3050.0,2990.0,3030.0,99396900,2960.0,2815.5,74.07,0.2348,bullish,0.0
2025-08-06,TLKM.JK,TLKM,3000.0,3010.0,2960.0,2990.0,86215200,2982.0,2831.5,67.99,0.2453,bullish,-0.013201
2025-08-07,TLKM.JK,TLKM,2990.0,2990.0,2930.0,2950.0,46506200,2996.0,2844.5,62.47,0.2543,bullish,-0.013378
2025-08-08,TLKM.JK,TLKM,2950.0,2960.0,2930.0,2940.0,46945800,2988.0,2855.0,61.14,0.2529,bullish,-0.00339
2025-08-11,TLKM.JK,TLKM,2990.0,3010.0,2970.0,2990.0,74978300,2980.0,2870.0,65.15,0.2471,bullish,0.017007
2025-08-12,TLKM.JK,TLKM,3050.0,3200.0,3010.0,3180.0,217607800,3010.0,2897.0,75.51,0.3019,bullish,0.063545
2025-08-13,TLKM.JK,TLKM,3220.0,3420.0,3210.0,3360.0,465722400,3084.0,2932.5,81.2,0.3417,bullish,0.056604
2025-08-14,TLKM.JK,TLKM,3370.0,3490.0,3370.0,3420.0,232557200,3178.0,2965.0,82.65,0.3207,bullish,0.017857
2025-08-15,TLKM.JK,TLKM,3360.0,3410.0,3310.0,3310.0,182893900,3252.0,2992.0,71.74,0.3542,bullish,-0.032164
2025-08-19,TLKM.JK,TLKM,3260.0,3330.0,3240.0,3250.0,164921000,3304.0,3014.5,66.57,0.3669,bullish,-0.018127
2025-08-20,TLKM.JK,TLKM,3220.0,3290.0,3220.0,3220.0,80084600,3312.0,3033.0,64.09,0.3694,bullish,-0.009231
2025-08-21,TLKM.JK,TLKM,3210.0,3270.0,3210.0,3250.0,63861900,3290.0,3053.0,65.48,0.3689,bullish,0.009317
2025-08-22,TLKM.JK,TLKM,3270.0,3290.0,3220.0,3240.0,61351700,3254.0,3073.0,64.58,0.3687,bullish,-0.003077
2025-08-25,TLKM.JK,TLKM,3280.0,3350.0,3250.0,3310.0,93221500,3254.0,3097.5,67.89,0.3686,bullish,0.021605
2025-08-26,TLKM.JK,TLKM,3310.0,3320.0,3230.0,3260.0,227364800,3256.0,3117.5,63.34,0.3767,bullish,-0.015106
2025-08-27,TLKM.JK,TLKM,3200.0,3250.0,3100.0,3170.0,118158900,3246.0,3132.0,56.05,0.3962,bullish,-0.027607
2025-08-28,TLKM.JK,TLKM,3160.0,3220.0,3150.0,3180.0,55940600,3232.0,3147.0,56.64,0.3958,bullish,0.003155
2025-08-29,TLKM.JK,TLKM,3180.0,3210.0,3100.0,3130.0,72585500,3210.0,3159.5,52.78,0.4024,bullish,-0.015723
2025-09-01,TLKM.JK,TLKM,3080.0,3110.0,2960.0,3110.0,130027900,3170.0,3166.0,51.28,0.3878,bullish,-0.00639
2025-09-02,TLKM.JK,TLKM,3120.0,3140.0,3050.0,3070.0,64402900,3132.0,3168.0,48.31,0.3874,bearish,-0.012862
2025-09-03,TLKM.JK,TLKM,3080.0,3170.0,3070.0,3110.0,113875700,3120.0,3172.0,51.34,0.3898,bearish,0.013029
2025-09-04,TLKM.JK,TLKM,3090.0,3170.0,3090.0,3150.0,37223800,3114.0,3180.0,54.24,0.3878,bearish,0.012862
2025-09-08,TLKM.JK,TLKM,3300.0,3300.0,3090.0,3090.0,93725000,3106.0,3187.0,49.48,0.3915,bearish,-0.019048
2025-09-09,TLKM.JK,TLKM,3100.0,3130.0,3000.0,3050.0,104463400,3094.0,3192.5,46.56,0.3948,bearish,-0.012945
2025-09-10,TLKM.JK,TLKM,3070.0,3180.0,3050.0,3150.0,49840200,3110.0,3200.5,53.9,0.4062,bearish,0.032787
2025-09-11,TLKM.JK,TLKM,3180.0,3190.0,3070.0,3080.0,71919900,3104.0,3195.5,48.84,0.35,bearish,-0.022222
2025-09-12,TLKM.JK,TLKM,3090.0,3110.0,3050.0,3100.0,61521400,3094.0,3182.5,50.28,0.2815,bearish,0.006494
2025-09-15,TLKM.JK,TLKM,3150.0,3260.0,3130.0,3260.0,115361300,3128.0,3174.5,59.96,0.3338,bearish,0.051613
2025-09-16,TLKM.JK,TLKM,3300.0,3300.0,3260.0,3300.0,80642900,3178.0,3174.0,61.95,0.3174,bullish,0.01227
2025-09-17,TLKM.JK,TLKM,3300.0,3340.0,3210.0,3340.0,73539700,3216.0,3178.5,63.89,0.3127,bullish,0.012121
2025-09-18,TLKM.JK,TLKM,3400.0,3400.0,3230.0,3250.0,99501600,3250.0,3180.0,56.87,0.327,bullish,-0.026946
2025-09-19,TLKM.JK,TLKM,3210.0,3300.0,3160.0,3230.0,113834400,3276.0,3179.0,55.42,0.3261,bullish,-0.006154
2025-09-22,TLKM.JK,TLKM,3300.0,3300.0,3190.0,3220.0,53704700,3268.0,3178.0,54.66,0.3261,bullish,-0.003096
2025-09-23,TLKM.JK,TLKM,3240.0,3260.0,3130.0,3190.0,40100300,3246.0,3172.0,52.36,0.3171,bullish,-0.009317
2025-09-24,TLKM.JK,TLKM,3190.0,3190.0,3150.0,3160.0,37086500,3210.0,3167.0,50.09,0.3146,bullish,-0.009404
2025-09-25,TLKM.JK,TLKM,3160.0,3200.0,3110.0,3120.0,37627500,3184.0,3164.5,47.16,0.302,bullish,-0.012658
2025-09-26,TLKM.JK,TLKM,3100.0,3160.0,3090.0,3110.0,66789300,3160.0,3161.0,46.42,0.3017,bearish,-0.003205
2025-09-29,TLKM.JK,TLKM,3110.0,3130.0,3050.0,3080.0,85911300,3132.0,3158.5,44.2,0.2985,bearish,-0.009646
2025-09-30,TLKM.JK,TLKM,3090.0,3140.0,3060.0,3060.0,117025800,3106.0,3156.0,42.74,0.2985,bearish,-0.006494
2025-10-01,TLKM.JK,TLKM,3060.0,3100.0,3060.0,3060.0,59779700,3086.0,3155.5,42.74,0.2951,bearish,0.0
2025-10-02,TLKM.JK,TLKM,3070.0,3200.0,3060.0,3130.0,113431700,3088.0,3156.5,49.53,0.3027,bearish,0.022876
2025-10-03,TLKM.JK,TLKM,3110.0,3130.0,3050.0,3070.0,59116700,3080.0,3152.5,44.64,0.3066,bearish,-0.019169
2025-10-06,TLKM.JK,TLKM,3080.0,3090.0,2960.0,3010.0,59707600,3066.0,3148.5,40.35,0.307,bearish,-0.019544
2025-10-07,TLKM.JK,TLKM,3030.0,3050.0,3000.0,3010.0,30353000,3056.0,3146.5,40.35,0.3039,bearish,0.0
2025-10-08,TLKM.JK,TLKM,3030.0,3040.0,2940.0,2990.0,66090700,3042.0,3138.5,38.91,0.2783,bearish,-0.006645
2025-10-09,TLKM.JK,TLKM,2950.0,3020.0,2950.0,3010.0,54769300,3018.0,3135.0,41.18,0.2698,bearish,0.006689
2025-10-10,TLKM.JK,TLKM,3030.0,3080.0,3000.0,3040.0,62254500,3012.0,3132.0,44.51,0.2713,bearish,0.009967
2025-10-13,TLKM.JK,TLKM,3020.0,3070.0,2980.0,3020.0,46978500,3014.0,3120.0,42.77,0.1923,bearish,-0.006579
2025-10-14,TLKM.JK,TLKM,3050.0,3070.0,2960.0,2960.0,38518800,3004.0,3103.0,37.98,0.1907,bearish,-0.019868
2025-10-15,TLKM.JK,TLKM,3000.0,3090.0,2950.0,3080.0,67503700,3022.0,3090.0,50.03,0.2427,bearish,0.040541
2025-10-16,TLKM.JK,TLKM,2970.0,3020.0,2900.0,2950.0,103687000,3010.0,3075.0,40.78,0.2679,bearish,-0.042208
2025-10-17,TLKM.JK,TLKM,2950.0,2960.0,2850.0,2880.0,82482200,2978.0,3057.5,36.83,0.2765,bearish,-0.023729
2025-10-20,TLKM.JK,TLKM,2930.0,2970.0,2900.0,2940.0,96029300,2962.0,3043.5,42.02,0.2919,bearish,0.020833
2025-10-21,TLKM.JK,TLKM,2970.0,3290.0,2970.0,3280.0,223104600,3026.0,3048.0,61.36,0.4978,bearish,0.115646
2025-10-22,TLKM.JK,TLKM,3220.0,3220.0,3120.0,3150.0,128796800,3040.0,3047.5,53.95,0.5185,bearish,-0.039634
2025-10-23,TLKM.JK,TLKM,3180.0,3400.0,3170.0,3360.0,218967200,3122.0,3059.5,61.95,0.5642,bullish,0.066667
2025-10-24,TLKM.JK,TLKM,3370.0,3440.0,3290.0,3290.0,115104000,3204.0,3068.5,58.31,0.5706,bullish,-0.020833
2025-10-27,TLKM.JK,TLKM,3320.0,3360.0,3280.0,3330.0,105683900,3282.0,3081.0,59.76,0.5695,bullish,0.012158
2025-10-28,TLKM.JK,TLKM,3330.0,3480.0,3270.0,3400.0,143082100,3306.0,3098.0,62.24,0.5711,bullish,0.021021
2025-10-29,TLKM.JK,TLKM,3390.0,3390.0,3270.0,3290.0,93073800,3334.0,3109.5,56.37,0.5869,bullish,-0.032353
2025-10-30,TLKM.JK,TLKM,3290.0,3310.0,3200.0,3250.0,83523100,3312.0,3115.5,54.36,0.5849,bullish,-0.012158
2025-10-31,TLKM.JK,TLKM,3200.0,3250.0,3150.0,3210.0,126790400,3296.0,3122.5,52.34,0.5821,bullish,-0.012308
2025-11-03,TLKM.JK,TLKM,3210.0,3380.0,3210.0,3350.0,107151300,3300.0,3139.5,58.18,0.5929,bullish,0.043614
2025-11-04,TLKM.JK,TLKM,3360.0,3590.0,3360.0,3500.0,227450800,3320.0,3164.0,63.35,0.6079,bullish,0.044776
2025-11-05,TLKM.JK,TLKM,3600.0,3630.0,3510.0,3540.0,182624300,3370.0,3191.5,64.61,0.6057,bullish,0.011429
2025-11-06,TLKM.JK,TLKM,3540.0,3550.0,3470.0,3480.0,71766000,3416.0,3215.0,61.22,0.6124,bullish,-0.016949
2025-11-07,TLKM.JK,TLKM,3460.0,3490.0,3420.0,3470.0,58917900,3468.0,3236.5,60.64,0.6134,bullish,-0.002874
2025-11-10,TLKM.JK,TLKM,3490.0,3550.0,3440.0,3440.0,88941900,3486.0,3257.5,58.87,0.614,bullish,-0.008646
2025-11-11,TLKM.JK,TLKM,3500.0,3530.0,3470.0,3520.0,63130300,3490.0,3285.5,62.06,0.6083,bullish,0.023256
2025-11-12,TLKM.JK,TLKM,3540.0,3590.0,3510.0,3560.0,61339600,3494.0,3309.5,63.58,0.5973,bullish,0.011364
2025-11-13,TLKM.JK,TLKM,3570.0,3570.0,3480.0,3500.0,57467900,3498.0,3337.0,59.71,0.5748,bullish,-0.016854
2025-11-14,TLKM.JK,TLKM,3530.0,3560.0,3510.0,3550.0,55079600,3514.0,3370.5,61.8,0.562,bullish,0.014286
2025-11-17,TLKM.JK,TLKM,3570.0,3630.0,3560.0,3610.0,76833800,3548.0,3404.0,64.19,0.5612,bullish,0.016901
2025-11-18,TLKM.JK,TLKM,3610.0,3630.0,3540.0,3620.0,97747000,3568.0,3421.0,64.59,0.4216,bullish,0.00277
2025-11-19,TLKM.JK,TLKM,3620.0,3690.0,3620.0,3650.0,109911100,3586.0,3446.0,65.82,0.386,bullish,0.008287
2025-11-20,TLKM.JK,TLKM,3650.0,3660.0,3620.0,3640.0,52200700,3614.0,3460.0,65.01,0.3225,bullish,-0.00274
2025-11-21,TLKM.JK,TLKM,3590.0,3610.0,3460.0,3500.0,93181600,3604.0,3470.5,54.84,0.3468,bullish,-0.038462
2025-11-24,TLKM.JK,TLKM,3560.0,3700.0,3540.0,3700.0,241304000,3622.0,3489.0,63.6,0.393,bullish,0.057143
2025-11-25,TLKM.JK,TLKM,3690.0,3690.0,3560.0,3650.0,84816600,3628.0,3501.5,60.44,0.3939,bullish,-0.013514
2025-11-26,TLKM.JK,TLKM,3600.0,3720.0,3600.0,3720.0,111114600,3642.0,3523.0,63.2,0.3728,bullish,0.019178
2025-11-27,TLKM.JK,TLKM,3700.0,3700.0,3560.0,3570.0,48436500,3628.0,3539.0,54.45,0.4045,bullish,-0.040323
2025-11-28,TLKM.JK,TLKM,3600.0,3630.0,3500.0,3510.0,70943000,3630.0,3554.0,51.38,0.4074,bullish,-0.016807
2025-12-01,TLKM.JK,TLKM,3530.0,3650.0,3520.0,3650.0,89045500,3620.0,3569.0,57.41,0.4031,bullish,0.039886
2025-12-02,TLKM.JK,TLKM,3660.0,3670.0,3560.0,3560.0,62155900,3602.0,3572.0,52.87,0.3873,bullish,-0.024658
2025-12-03,TLKM.JK,TLKM,3590.0,3650.0,3580.0,3580.0,60429900,3574.0,3574.0,53.75,0.3857,neutral,0.005618
2025-12-04,TLKM.JK,TLKM,3660.0,3660.0,3580.0,3630.0,38947500,3586.0,3581.5,55.95,0.3826,bullish,0.013966
2025-12-05,TLKM.JK,TLKM,3630.0,3700.0,3610.0,3700.0,50641400,3624.0,3593.0,58.9,0.3867,bullish,0.019284
2025-12-08,TLKM.JK,TLKM,3700.0,3700.0,3600.0,3630.0,64911000,3620.0,3602.5,54.94,0.3927,bullish,-0.018919
2025-12-09,TLKM.JK,TLKM,3650.0,3650.0,3520.0,3570.0,94381800,3622.0,3605.0,51.72,0.3907,bullish,-0.016529
2025-12-10,TLKM.JK,TLKM,3620.0,3700.0,3590.0,3640.0,68644900,3634.0,3609.0,55.03,0.3947,bullish,0.019608
2025-12-11,TLKM.JK,TLKM,3670.0,3690.0,3500.0,3570.0,84823100,3622.0,3612.5,51.25,0.3962,bullish,-0.019231
2025-12-12,TLKM.JK,TLKM,3630.0,3630.0,3500.0,3550.0,67076200,3592.0,3612.5,50.19,0.3937,bearish,-0.005602
2025-12-15,TLKM.JK,TLKM,3550.0,3560.0,3460.0,3470.0,121707400,3560.0,3605.5,46.09,0.3964,bearish,-0.022535
2025-12-16,TLKM.JK,TLKM,3490.0,3550.0,3470.0,3520.0,120576700,3550.0,3600.5,48.9,0.4003,bearish,0.014409
2025-12-17,TLKM.JK,TLKM,3540.0,3590.0,3490.0,3500.0,118452300,3522.0,3593.0,47.83,0.3989,bearish,-0.005682
2025-12-18,TLKM.JK,TLKM,3540.0,3580.0,3460.0,3460.0,111042200,3500.0,3584.0,45.66,0.4003,bearish,-0.011429
2025-12-19,TLKM.JK,TLKM,3520.0,3520.0,3390.0,3410.0,236770700,3472.0,3579.5,43.04,0.3794,bearish,-0.014451
2025-12-22,TLKM.JK,TLKM,3440.0,3490.0,3420.0,3470.0,113720300,3472.0,3568.0,46.97,0.3236,bearish,0.017595
2025-12-23,TLKM.JK,TLKM,3470.0,3470.0,3420.0,3470.0,39083700,3462.0,3559.0,46.97,0.3214,bearish,0.0
2025-12-24,TLKM.JK,TLKM,3480.0,3500.0,3440.0,3460.0,30919800,3454.0,3546.0,46.36,0.3112,bearish,-0.002882
2025-12-29,TLKM.JK,TLKM,3480.0,3530.0,3460.0,3490.0,53079900,3460.0,3542.0,48.54,0.2802,bearish,0.008671
2025-12-30,TLKM.JK,TLKM,3490.0,3510.0,3480.0,3480.0,48019100,3474.0,3540.5,47.84,0.274,bearish,-0.002865
2026-01-02,TLKM.JK,TLKM,3510.0,3510.0,3450.0,3470.0,34812500,3474.0,3531.5,47.11,0.2308,bearish,-0.002874
2026-01-05,TLKM.JK,TLKM,3490.0,3590.0,3480.0,3580.0,77224000,3496.0,3532.5,55.23,0.2441,bearish,0.0317
2026-01-06,TLKM.JK,TLKM,3600.0,3600.0,3490.0,3520.0,77477100,3508.0,3529.5,50.66,0.2506,bearish,-0.01676
2026-01-07,TLKM.JK,TLKM,3540.0,3550.0,3500.0,3540.0,60466200,3518.0,3525.0,52.08,0.2459,bearish,0.005682
2026-01-08,TLKM.JK,TLKM,3540.0,3580.0,3520.0,3530.0,61219400,3528.0,3516.5,51.29,0.2338,bullish,-0.002825
2026-01-09,TLKM.JK,TLKM,3550.0,3560.0,3450.0,3450.0,82708700,3524.0,3507.5,45.32,0.2378,bullish,-0.022663
2026-01-12,TLKM.JK,TLKM,3470.0,3530.0,3460.0,3520.0,89165400,3512.0,3505.0,50.72,0.2445,bullish,0.02029
2026-01-13,TLKM.JK,TLKM,3600.0,3660.0,3550.0,3620.0,129812000,3532.0,3504.0,57.23,0.2556,bullish,0.028409
2026-01-14,TLKM.JK,TLKM,3690.0,3700.0,3610.0,3650.0,98179400,3554.0,3508.0,58.98,0.2468,bullish,0.008287
2026-01-15,TLKM.JK,TLKM,3650.0,3680.0,3610.0,3660.0,83981800,3580.0,3513.5,59.57,0.2456,bullish,0.00274
2026-01-19,TLKM.JK,TLKM,3590.0,3630.0,3490.0,3620.0,147127900,3614.0,3521.0,56.07,0.2333,bullish,-0.010929
2026-01-20,TLKM.JK,TLKM,3550.0,3680.0,3550.0,3600.0,89987800,3630.0,3525.0,54.36,0.2302,bullish,-0.005525
2026-01-21,TLKM.JK,TLKM,3670.0,3700.0,3570.0,3600.0,104120400,3626.0,3530.0,54.36,0.2288,bullish,0.0
2026-01-22,TLKM.JK,TLKM,3670.0,3790.0,3660.0,3740.0,149259700,3644.0,3544.0,63.44,0.2577,bullish,0.038889
2026-01-23,TLKM.JK,TLKM,3790.0,3800.0,3730.0,3770.0,109079700,3666.0,3562.0,65.05,0.2486,bullish,0.008021
2026-01-26,TLKM.JK,TLKM,3780.0,3850.0,3750.0,3850.0,91258600,3712.0,3581.0,68.97,0.2513,bullish,0.02122
2026-01-27,TLKM.JK,TLKM,3850.0,3990.0,3730.0,3940.0,161704800,3780.0,3604.5,72.67,0.2582,bullish,0.023377
2026-01-28,TLKM.JK,TLKM,3800.0,3800.0,3390.0,3470.0,439277400,3754.0,3605.0,43.46,0.5397,bullish,-0.119289
2026-01-29,TLKM.JK,TLKM,3420.0,3500.0,3100.0,3450.0,582049700,3696.0,3603.0,42.68,0.5391,bullish,-0.005764
2026-01-30,TLKM.JK,TLKM,3550.0,3740.0,3540.0,3600.0,332372800,3662.0,3609.0,49.98,0.5603,bullish,0.043478
2026-02-02,TLKM.JK,TLKM,3670.0,3700.0,3430.0,3500.0,157041400,3592.0,3610.5,45.79,0.5701,bearish,-0.027778
2026-02-03,TLKM.JK,TLKM,3540.0,3550.0,3420.0,3450.0,155611200,3494.0,3604.0,43.82,0.5603,bearish,-0.014286
2026-02-04,TLKM.JK,TLKM,3420.0,3440.0,3260.0,3330.0,215692700,3466.0,3594.5,39.42,0.5707,bearish,-0.034783
2026-02-05,TLKM.JK,TLKM,3350.0,3360.0,3260.0,3290.0,148908600,3434.0,3582.0,38.04,0.5707,bearish,-0.012012
2026-02-06,TLKM.JK,TLKM,3310.0,3390.0,3270.0,3380.0,137552600,3390.0,3574.5,42.86,0.581,bearish,0.027356
2026-02-09,TLKM.JK,TLKM,3430.0,3430.0,3340.0,3350.0,109053400,3360.0,3569.5,41.7,0.5765,bearish,-0.008876
2026-02-10,TLKM.JK,TLKM,3380.0,3430.0,3360.0,3400.0,129254100,3350.0,3563.5,44.41,0.5741,bearish,0.014925
2026-02-11,TLKM.JK,TLKM,3430.0,3530.0,3420.0,3530.0,151785400,3390.0,3559.0,50.81,0.5816,bearish,0.038235
2026-02-12,TLKM.JK,TLKM,3500.0,3560.0,3470.0,3560.0,114656400,3444.0,3554.5,52.18,0.5817,bearish,0.008499
2026-02-13,TLKM.JK,TLKM,3540.0,3550.0,3440.0,3450.0,102244000,3458.0,3544.0,47.01,0.5911,bearish,-0.030899
2026-02-18,TLKM.JK,TLKM,3470.0,3510.0,3460.0,3490.0,82797000,3486.0,3537.5,48.99,0.5924,bearish,0.011594
2026-02-19,TLKM.JK,TLKM,3500.0,3500.0,3460.0,3480.0,70690600,3502.0,3531.5,48.5,0.5923,bearish,-0.002865
2026-02-20,TLKM.JK,TLKM,3490.0,3510.0,3430.0,3480.0,75231500,3492.0,3525.5,48.5,0.5923,bearish,0.0
2026-02-23,TLKM.JK,TLKM,3480.0,3550.0,3480.0,3550.0,59621900,3490.0,3516.0,52.35,0.5794,bearish,0.020115
2026-02-24,TLKM.JK,TLKM,3600.0,3600.0,3510.0,3580.0,119024300,3516.0,3506.5,53.94,0.5795,bullish,0.008451
2026-02-25,TLKM.JK,TLKM,3580.0,3660.0,3580.0,3600.0,66237300,3538.0,3494.0,55.02,0.5738,bullish,0.005587
2026-02-26,TLKM.JK,TLKM,3560.0,3650.0,3510.0,3650.0,111136200,3572.0,3479.5,57.68,0.569,bullish,0.013889
2026-02-27,TLKM.JK,TLKM,3630.0,3630.0,3530.0,3540.0,140862100,3584.0,3483.0,50.58,0.3546,bullish,-0.030137
2026-03-02,TLKM.JK,TLKM,3440.0,3490.0,3410.0,3450.0,80022100,3564.0,3483.0,45.64,0.3666,bullish,-0.025424
2026-03-03,TLKM.JK,TLKM,3520.0,3530.0,3440.0,3450.0,125403800,3538.0,3475.5,45.64,0.3304,bullish,0.0
2026-03-04,TLKM.JK,TLKM,3430.0,3450.0,3110.0,3200.0,206478300,3458.0,3460.5,34.7,0.4118,bearish,-0.072464
2026-03-05,TLKM.JK,TLKM,3300.0,3350.0,3210.0,3260.0,137853600,3380.0,3451.0,38.51,0.4178,bearish,0.01875
2026-03-06,TLKM.JK,TLKM,3270.0,3290.0,3180.0,3190.0,84932600,3310.0,3444.0,35.88,0.4064,bearish,-0.021472
2026-03-09,TLKM.JK,TLKM,3160.0,3160.0,3000.0,3100.0,126776600,3240.0,3434.5,32.78,0.4158,bearish,-0.028213
2026-03-10,TLKM.JK,TLKM,3120.0,3150.0,2930.0,2960.0,288339600,3142.0,3413.5,28.64,0.4269,bearish,-0.045161
2026-03-11,TLKM.JK,TLKM,3000.0,3020.0,2930.0,3000.0,209073500,3102.0,3396.0,31.31,0.4327,bearish,0.013514
2026-03-12,TLKM.JK,TLKM,3020.0,3060.0,2980.0,3020.0,100856000,3054.0,3377.0,32.67,0.4285,bearish,0.006667
2026-03-13,TLKM.JK,TLKM,3030.0,3050.0,2920.0,2970.0,102546800,3010.0,3349.0,31.02,0.3977,bearish,-0.016556
2026-03-16,TLKM.JK,TLKM,2970.0,2980.0,2830.0,2960.0,95426400,2982.0,3319.0,30.69,0.3932,bearish,-0.003367
2026-03-17,TLKM.JK,TLKM,3050.0,3050.0,2960.0,3050.0,164842700,3000.0,3299.0,37.23,0.4074,bearish,0.030405
2026-03-25,TLKM.JK,TLKM,3140.0,3300.0,3130.0,3300.0,228354400,3060.0,3289.5,51.06,0.5045,bearish,0.081967
2026-03-26,TLKM.JK,TLKM,3240.0,3260.0,3130.0,3170.0,130477500,3090.0,3274.0,45.45,0.5216,bearish,-0.039394
2026-03-27,TLKM.JK,TLKM,3150.0,3160.0,3050.0,3050.0,72337500,3106.0,3252.5,40.98,0.5349,bearish,-0.037855
2026-03-30,TLKM.JK,TLKM,3050.0,3110.0,3030.0,3040.0,115529200,3122.0,3227.0,40.62,0.5259,bearish,-0.003279
2026-03-31,TLKM.JK,TLKM,3130.0,3130.0,3040.0,3060.0,95463800,3124.0,3201.0,41.72,0.5252,bearish,0.006579
2026-04-01,TLKM.JK,TLKM,3150.0,3150.0,3100.0,3150.0,68303100,3094.0,3178.5,46.52,0.5395,bearish,0.029412
2026-04-02,TLKM.JK,TLKM,3150.0,3160.0,3080.0,3100.0,29786700,3080.0,3151.0,44.33,0.5348,bearish,-0.015873
